Genus,Species,Specimen_ID,Side,Sex,Maxilla.Dental.Progression,Age,Group,H_nf,B_nf,L_mtc,L_ltc,B_atc,B_ptc,B_t,B_mTaCa,H_mTaCa,B_lTaCa,L_lTaCa,L_tn
Bettongia,lesueur,SAM-M6045,R,NA,4 molar/4 molar,Adult,Burrowing bettong,3.83,3.1,5.89,5.46,4.89,4.96,10.29,4.94,2.77,2.64,2.68,1.8
Bettongia,lesueur,WAM-M19232,L,NA,"Unknown, no cranium",NA,Burrowing bettong,3.62,3.43,5.04,5.22,4.93,5.05,9.59,4.05,2.77,2.96,2.99,1.72
Bettongia,lesueur,AM-M47391,L,NA,"P3, M1-M4",Adult,Burrowing bettong,4.32,3.14,5.27,5.7,5.52,5.26,10.3,4.72,3.2,3.31,3.43,1.95
Bettongia,lesueur,AM-M45759,R,Male,"P3, M1-M4",Adult,Burrowing bettong,4.23,3.43,5.71,6.29,5.52,5.53,10.7,5.48,3.06,3.86,3.28,2.71
Bettongia,lesueur,ANWC-M01424,L,NA,"P3, M1-M4",Adult,Burrowing bettong,4.23,3.35,6.05,6,5.45,5.45,10.77,4.81,3.21,3.76,3.52,2.68
Bettongia,lesueur lesueur,WAM-M15488,L,NA,"1 large P3, 3 molars, 1 small M4",Adult,Burrowing bettong,3.62,3.02,4.6,4.79,4.6,4.57,9.23,3.84,2.85,2.91,2.79,2.07
Bettongia,lesueur lesueur,WAM-M19074,L,NA,"P3, 3 large molars, 1 small M4",Adult,Burrowing bettong,4.1,3.35,4.91,5.83,4.52,4.18,9.43,4.39,2.81,3.11,2.65,1.91
Bettongia,lesueur lesueur,WAM-M3644,R,Male,"1 large P3, 3 molars, 1 small M4",Adult,Burrowing bettong,3.99,3.34,5.44,5.72,5.02,4.79,10.18,4.03,3.02,2.71,2.8,2.55
Bettongia,lesueur lesueur,WAM-M3861,R,NA,"P3, M1, M2, M3 erupting",Subadult,Burrowing bettong,4.18,3.21,5.45,5.75,5.21,5.23,10.09,4.64,3.08,3.28,3.26,2.49
Bettongia,lesueur lesueur,WAM-M4392,L,NA,"1 large P3, 3 molars, 1 small M4",Adult,Burrowing bettong,4.55,3.4,5.98,6.24,5.31,5.13,10.59,4.99,2.91,3.74,2.83,2.5
Bettongia,penicillata,SAM-M1718,L,Male,4 molar/4 molar,Adult,Brush-tailed bettong,4.36,3.37,6.24,6.35,5.46,5.78,10.42,5.35,2.75,3.52,3.17,1.53
Bettongia,penicillata,SAM-M21359,L,Female,4 molar/4 molar,Adult,Brush-tailed bettong,4.13,3.05,6.15,6.13,5.65,5.89,10.32,4.67,3.07,3.05,3.61,2.31
Bettongia,penicillata nov,SAM-M13006,R,NA,4 molar/4 molar,Adult,Brush-tailed bettong,4.02,3.28,5.51,5.64,4.83,5.2,10.1,5.02,2.98,3.2,3.18,1.78
Bettongia,penicillata nov,SAM-M18986,L,Female,4 molar/4 molar,Adult,Brush-tailed bettong,3.99,2.97,6.29,5.67,5.32,5.46,9.77,4.2,2.94,3.65,3.32,1.85
Bettongia,penicillata nov,SAM-M22661,R,Female,4 molar/4 molar,Adult,Brush-tailed bettong,4.11,3.04,5.92,5.72,4.95,5.43,9.72,5.25,3.11,3.32,3.32,1.98
Bettongia,penicillata ogilbyi,SAM-M27624,L,Male,4 molar/4 molar,Adult,Brush-tailed bettong,4.16,3.47,5.93,6,5.35,5.1,10.62,5.08,2.99,3.31,3.24,2.32
Bettongia,penicillata ogilbyi,SAM-M27625,L,Male,4 molar/4 molar,Adult,Brush-tailed bettong,4.46,3.66,6.45,5.94,5.31,5.32,11.22,5.31,3.03,3.84,3.26,2.14
Bettongia,penicillata ogilbyi,SAM-M27626,L,Male,4 molar/4 molar,Adult,Brush-tailed bettong,4.5,3.4,6.06,5.88,5.51,5.42,10.67,5.08,2.94,3.59,3.34,2.7
Bettongia,penicillata ogilbyi,SAM-M27627,L,Female,4 molar/4 molar,Adult,Brush-tailed bettong,4.13,3.11,5.56,5.29,4.88,5.33,10.09,4.9,2.7,3.74,3.05,2.4
Bettongia,penicillata ogilbyi,SAM-M27628,L,Female,4 molar/4 molar,Adult,Brush-tailed bettong,4.25,3.34,6.1,5.87,5.5,5.39,10.5,5.43,3.13,3.29,3.08,2.28
Bettongia,penicillata ogilbyi,WAM-M19063,R,Female,"1 large P3, 3 molars, 1 small M4",Adult,Brush-tailed bettong,4.14,3.48,6.35,6.72,5.59,5.53,11.17,4.83,3.25,3.65,3.58,2.73
Bettongia,penicillata ogilbyi,WAM-M19521,R,NA,"1 large P3, 3 molars, 1 small M4",Adult,Brush-tailed bettong,4.22,3.72,6.2,7.49,5.9,6.22,11.34,5.1,3.33,3.93,3.02,2.59
Bettongia,penicillata ogilbyi,WAM-M21028,R,NA,"1 large P3, 3 molars, 1 small M4",Adult,Brush-tailed bettong,3.98,3.48,6.42,7.03,5.56,5.39,11.22,4.94,3.24,3.74,3.57,2.77
Bettongia,penicillata ogilbyi,WAM-M63492,R,Male,"1 large P3, 2 molars",Juvenile,Brush-tailed bettong,3.47,2.73,5.06,5.49,4.88,4.84,8.97,4.28,2.69,3.23,3.28,2.44
Lagorchestes,conspicillatus,MAGNT-U6152,L,Male,"P3, M1-M4",Adult,Spectacled hare-wallaby,7.34,3.79,10.44,9.53,7.86,7.98,14.65,5.59,3.97,4.75,3.37,2.38
Lagorchestes,conspicillatus,UQ274,L,NA,"Unknown, no cranium",NA,Spectacled hare-wallaby,5.52,3.29,8.38,7.88,7.22,7.23,12.95,5.01,3.49,4.21,3.56,2.77
Lagorchestes,conspicillatus,UQ275,L,NA,"Unknown, no cranium",NA,Spectacled hare-wallaby,5.75,2.77,7.65,7.42,6.65,6.39,12.17,4.89,3.07,4.18,3.41,2.24
Lagorchestes,conspicillatus,UQ278,L,NA,"P3, M1-M4",Adult,Spectacled hare-wallaby,6.09,3.22,8.48,8.07,7.43,7.31,13.03,4.96,3.23,4.05,3.76,2.24
Lagorchestes,conspicillatus,UQ391,L,NA,"P3, M1-M4",Adult,Spectacled hare-wallaby,6.17,2.91,9.13,8.17,7.54,7.84,13.3,4.56,3.28,4.05,3.29,2.7
Lagorchestes,conspicillatus,UQ392,L,NA,"P3, dp3, M1-M3",Subadult,Spectacled hare-wallaby,5.7,2.84,7.71,7.49,7.38,7.25,12.69,4.35,2.91,3.92,3.27,2.18
Lagorchestes,conspicillatus,WAM-M63370,L,NA,"P3, M1, M2, M3, M4 erupting",Adult,Spectacled hare-wallaby,6.39,3.47,9.3,8.41,7.44,7.69,13.93,5.01,4.17,4.84,4.07,2.5
Lagorchestes,conspicillatus conspicillatus,WAM-M19854,L,NA,"Unknown, no cranium",NA,Spectacled hare-wallaby,5.89,3.24,9.13,8.21,7.41,7.17,13.29,4.65,3.39,3.83,3.31,2.68
Lagorchestes,conspicillatus conspicillatus,WAM-M6733,L,Male,"P3, M1-M4",Adult,Spectacled hare-wallaby,5.74,3.38,8.86,8.18,7.39,7.46,13.23,5.01,4.05,4.13,3.18,2.63
Lagorchestes,conspicillatus conspicillatus,WAM-M7032,L,Female,"Unknown, no cranium",NA,Spectacled hare-wallaby,5.19,2.66,7.98,7.34,7.04,6.49,12.69,4.3,3.08,3.91,3.08,2.58
Lagorchestes,conspicillatus leichardti,WAM-M3496,L,Male,"dp2, dp3, M1, M2, can see unerupted P3 above dp3 where maxilla bone worn away",Juvenile,Spectacled hare-wallaby,5.94,2.95,9.46,8.4,7.36,7.63,13.7,4.35,3.79,4.69,3.57,2.77
Lagorchestes,hirsutus,MAGNT-U6058,L,Female,"P3, M1-M4",Adult,Rufous hare-wallaby,4.97,2.83,7.57,6.79,5.96,6.2,11.35,3.82,3.47,4.07,2.47,2.17
Lagorchestes,hirsutus,MAGNT-U6064,L,Male,"P3, M1-M3",Subadult,Rufous hare-wallaby,4.23,2.74,7.11,6.8,5.84,6.17,10.76,3.78,3.32,4.49,2.73,2.13
Lagorchestes,hirsutus,MAGNT-U6065,L,Male,"P3, M1, M2, M3 almost fully erupted",Subadult,Rufous hare-wallaby,4.8,2.74,7.15,6.65,5.67,6.04,10.78,4.2,3.37,4.15,2.4,2.07
Lagorchestes,hirsutus,MAGNT-U6066,L,Female,"dP3, P3, M1, M2, M3",Subadult,Rufous hare-wallaby,5.05,2.79,7.37,6.9,5.75,5.9,10.67,3.89,3.27,3.48,2.61,1.73
Lagorchestes,hirsutus,MAGNT-U6067,L,Female,"P3, M1, M2, M3, M4 just erupting",Adult,Rufous hare-wallaby,4.24,2.57,6.66,6.46,5.02,5.49,9.87,3.3,3.05,3.67,2.57,1.63
Lagorchestes,hirsutus,MAGNT-U6068,L,Female,"P3, M1-M4",Adult,Rufous hare-wallaby,4.77,2.73,6.89,6.88,5.78,6.09,11.03,3.62,3.58,4.07,2.53,2.01
Lagorchestes,hirsutus,MAGNT-U6069,L,NA,"P3, M1-M4",Adult,Rufous hare-wallaby,4.43,2.84,7.17,7.02,5.91,6.1,11.06,3.83,3.53,3.83,2.7,1.74
Lagorchestes,hirsutus,MAGNT-U6070,L,Female,"P3, M1-M4",Adult,Rufous hare-wallaby,4.55,2.83,7.01,6.66,5.61,5.95,10.86,3.86,3.39,4.22,2.52,2
Lagorchestes,hirsutus,MAGNT-U6071,L,Male,"P3, M1, M2, M3, M4 halfway erupted",Adult,Rufous hare-wallaby,4.5,2.49,7.2,6.86,5.98,6.17,10.82,3.76,3.11,4.11,2.62,1.79
Lagorchestes,hirsutus,MAGNT-U6073,L,Female,"P3, M1-M4",Adult,Rufous hare-wallaby,4.59,2.64,7.16,6.83,5.62,5.87,10.56,3.66,3.18,4.04,2.4,1.94
Lagorchestes,hirsutus,SAM-M3587,L,Female,4 molar/4 molar,Adult,Rufous hare-wallaby,4.61,2.84,7.55,6.8,5.73,6.1,11.88,4.53,3.3,4.54,2.46,2.3
Lagorchestes,hirsutus bernieri,WAM-M7965,L,Male,"P3, dp3, M1, M2",Juvenile,Rufous hare-wallaby,4.65,2.67,7.52,6.85,5.23,5.16,10.81,3.82,3.02,3.65,2.99,1.95
Lagorchestes,hirsutus bernieri,WAM-M7966,L,NA,"dp2, dp3, M1, M2",Juvenile,Rufous hare-wallaby,4.19,2.34,6.84,6.06,5.25,5.19,9.79,4.16,3.24,3.58,3.24,2.01
Lagorchestes,hirsutus bernieri,WAM-M7967,L,NA,"P3, M1-M4",Adult,Rufous hare-wallaby,4.73,2.8,7.95,7.4,5.86,5.88,11.49,4.03,3.08,3.85,2.89,2.09
Lagorchestes,hirsutus bernieri,WAM-M7968,L,NA,"P3, M1-M4",Adult,Rufous hare-wallaby,4.61,2.81,7.7,7.5,5.63,5.24,11.18,4.28,2.96,3.7,3.3,1.5
Lagorchestes,hirsutus bernieri,WAM-M7969,R,NA,"dp2, dp3, M1, M2",Juvenile,Rufous hare-wallaby,3.17,2.07,6.58,6.92,5.61,4.54,10.68,3.72,3.01,3.11,3.24,1.7
Lagorchestes,hirsutus dorreae,WAM-M13884,L,Male,"P3, M1, M2",Juvenile,Rufous hare-wallaby,3.5,2.07,5.78,5.36,5.32,5.38,9.22,3.89,3.71,3.79,3.14,2.3
Lagorchestes,hirsutus dorreae,WAM-M7983,L,NA,"dp2, M1, M2, M3. P3 erupting",Subadult,Rufous hare-wallaby,4.37,3.04,7.2,6.96,5.84,5.54,11.58,3.56,3.73,4.27,3.27,2.5
Lagostrophus,fasciatus,AM-M40035,R,Male,"P3, M1-M4",Adult,Banded hare-wallaby,4.53,3.44,7.1,7.18,6.71,6.4,11.49,4.21,3.31,4.18,3.38,1.8
Lagostrophus,fasciatus,AM-M40303,L,NA,"P3, M1, M2, M3",Subadult,Banded hare-wallaby,4.13,3.51,6.18,6.67,5.75,5.44,10.67,4.34,3.02,3.88,3.14,1.72
Lagostrophus,fasciatus fasciatus,WAM-M16285,R,NA,"P3, M1-M4",Adult,Banded hare-wallaby,4.54,3.82,6.83,7.29,6.42,5.48,11.38,4.71,4.08,3.58,2.81,2.05
Lagostrophus,fasciatus fasciatus,WAM-M24318,R,NA,"P3, M1, M2, M3, M4 erupting",Adult,Banded hare-wallaby,4.27,3.3,6.33,6.44,6.09,4.85,10.81,4.65,3.81,3.27,2.87,1.74
Lagostrophus,fasciatus fasciatus,WAM-M3625,R,Female,"P3, M1-M4",Adult,Banded hare-wallaby,4.09,3.07,6.34,6.3,5.66,4.99,10.67,4.58,3.05,2.97,2.95,2.16
Lagostrophus,fasciatus fasciatus,WAM-M3626,L,Female,"P3, M1-M4",Adult,Banded hare-wallaby,4.36,3.27,5.99,6.1,6.02,5.94,10.74,4.03,3.04,3.52,2.9,2.22
Lagostrophus,fasciatus fasciatus,WAM-M4132,R,Male,"P3, M1-M3, M4 erupting",Adult,Banded hare-wallaby,4,2.92,5.89,6.11,5.57,4.67,10.29,4.18,3.44,3.33,3.07,2.32
Lagostrophus,fasciatus fasciatus,WAM-M4134,R,Female,"dp2, dp3, M1, M2, M3 erupting",Juvenile,Banded hare-wallaby,4.19,2.96,5.99,6.07,5.43,4.91,10.63,3.93,3.05,2.97,2.59,1.84
Lagostrophus,fasciatus fasciatus,WAM-M4393,R,NA,"P3, M1-M4",Adult,Banded hare-wallaby,4.51,3.25,6.23,6.14,6.17,6.48,11.31,4.51,3.39,3.92,2.62,2.28
Lagostrophus,fasciatus fasciatus,WAM-M5653,R,NA,"P3, M1-M4",Adult,Banded hare-wallaby,4.25,2.75,6.52,6.55,5.81,5.55,10.75,4.57,3.38,3.23,2.72,2.05
Lagostrophus,fasciatus fasciatus,WAM-M5658,R,NA,"P3, M1-M4",Adult,Banded hare-wallaby,4.56,3.02,6.63,6.66,5.85,5.32,11.5,4.65,3.83,3.41,3.02,2.32
Lagostrophus,fasciatus fasciatus,WAM-M8006,L,NA,"P3, M1-M4",Adult,Banded hare-wallaby,4.41,2.98,6.32,6.84,6.05,5.39,10.59,4.4,2.65,3.35,2.76,1.99
Macropus,fuliginosus,AM-37228,L,NA,"dP1, M1, M2",Juvenile,W. grey kangaroo,12.18,5.12,18.93,17.67,15.72,15.03,26.48,9.97,7.49,9.54,9.03,5.6
Macropus,fuliginosus,AM-M33374,R,NA,"P3, M1, M2, M3, M4 erupting",Adult,W. grey kangaroo,13.65,7.88,24.46,22.88,18.95,17.88,33.77,11.29,8.43,9.5,9.85,4.56
Macropus,fuliginosus,ANWC-M01374,R,Male,"P3, M1, M2 erupting",Juvenile,W. grey kangaroo,10.76,4.82,17.77,16.11,15.78,15.01,27.99,10.96,7.53,8.13,9.72,5.73
Macropus,fuliginosus melanops,WAM-M13015,L,NA,"M1-M4, M5? Erupting",Adult,W. grey kangaroo,14.59,8.86,23.97,25.27,21.33,20.21,37.78,12.81,9.11,9.74,9.46,3.73
Macropus,fuliginosus melanops,WAM-M13461,L,NA,"M3, M4 only",Adult,W. grey kangaroo,13.57,8.25,26.25,25.55,21.57,20.06,36.48,10.53,8.54,10.78,10.97,5.68
Macropus,fuliginosus melanops,WAM-M13586,L,Female,"M1-M4, no P3",Adult,W. grey kangaroo,11.37,6.03,22.47,20.48,17.74,17.25,31.75,9.94,7.8,9.54,9.16,4.48
Macropus,fuliginosus melanops,WAM-M3328,L,Male,"M1-M4, no P3",Adult,W. grey kangaroo,14.78,7.78,26.9,25.36,21.17,20.95,37.14,11.14,8.61,11.3,10.31,4.97
Macropus,fuliginosus melanops,WAM-M6750,R,Male,"P3, M1, M2, M3, M4 erupting",Adult,W. grey kangaroo,13.44,5.64,23.97,21.72,19.23,17.88,33.35,12.54,9.04,9.15,10.97,4.53
Macropus,fuliginosus melanops,WAM-M7045,L,Female,"Dp2, Dp3, M1",Juvenile,W. grey kangaroo,10.99,5.71,19.58,18.66,16.36,15.63,28.63,10.66,7.74,8.49,8.21,4.82
Macropus,fuliginosus melanops,WAM-M7095,R,Female,"Dp2, Dp3, M1, M2",Juvenile,W. grey kangaroo,10.74,5.82,20.83,19.85,17.67,16.26,30.04,10.63,7.77,8.62,9.63,4.79
Notamacropus,agilis,MAGNT-R.U0237,L,Male,"dP3, P3, M1, M2, M3 almost fully erupted",Subadult,Agile wallaby,10.46,6.03,17.48,17.04,13.63,12.8,25.06,9.16,5.46,7.11,7.26,5.17
Notamacropus,agilis,MAGNT-U0232,L,Female,"dp2, dp3, M1, M2, M3 just erupting",Juvenile,Agile wallaby,8.65,4.69,15.6,14.58,11.19,11.11,21.73,6.59,5.39,6.06,6.24,4.85
Notamacropus,agilis,MAGNT-U6143,L,Male,"P3, M1-M4",Adult,Agile wallaby,11.02,6.9,19.31,18.12,13.29,12.94,25.85,9.13,6.9,7.71,7.22,2.61
Notamacropus,agilis,MAGNT-U6149,R,Female,"dp2, dp3, M1, M2, M3 just erupting",Juvenile,Agile wallaby,7.29,4.19,13.99,13.4,10.77,10.76,20.47,7.48,4.72,6.02,5.77,3.68
Notamacropus,agilis,MAGNT-U6150,L,Male,"dp2, dp3, M1, M2 almost fully erupted",Juvenile,Agile wallaby,9.86,4.84,16.52,17.34,12.13,12.23,23.27,9.15,6.4,7.18,6.64,5.08
Notamacropus,agilis,MAGNT-U6151,R,Male,"dp2, dp3, M1, M2, M3 just erupting",Juvenile,Agile wallaby,10.48,5.61,18.01,16.67,13.95,13.37,26.19,8.81,5.56,7.23,8.38,4.86
Notamacropus,agilis,SAM-M23314,L,Male,4 molar/4 molar,Adult,Agile wallaby,9.71,6.01,17.16,16,12.03,12.02,23.75,7.1,5.47,7.69,6.7,4.09
Notamacropus,agilis,AM-M9164,L,NA,"P3, M1, M2, M3",Subadult,Agile wallaby,10.2,6.08,17.28,17.08,13.1,13.18,24.97,9.23,6.89,7.13,7.08,4.34
Notamacropus,agilis jardinii,QM-J10762,L,Male,3.5 molars/3.5 molars,Adult,Agile wallaby,11.36,5.59,17.51,16.65,12.86,12.3,25.23,8.57,5.73,6.54,7.66,3.25
Notamacropus,agilis nigrescens,WAM-M11620,L,Female,"dp2, dp3, M1, M2",Juvenile,Agile wallaby,8.43,5.25,15.2,14.43,10.43,10.18,21.2,7.67,6.1,5.79,6.48,3.92
Notamacropus,agilis nigrescens,WAM-M11640,L,Female,"P3, M1-M4",Adult,Agile wallaby,8.91,4.76,15.3,13.84,11.21,11,23.04,6.52,4.8,5.37,6.67,3.54
Notamacropus,agilis nigrescens,WAM-M15836,L,Female,"P3, M1, M2, M3",Subadult,Agile wallaby,9.47,4.03,16.4,15.36,10.95,10.38,23.14,8.04,4.97,6.59,5.92,3.88
Notamacropus,agilis nigrescens,WAM-M24981,L,NA,"P3, M1-M4",Adult,Agile wallaby,7.29,4.83,10.91,10.34,8.93,8.63,16.6,5.3,5.1,5.89,4.5,2.97
Onychogalea,fraenata,QM-JM11183,L,Male,Unknown,NA,Bridled nail-tail wallaby,6.33,3.84,11.38,10.25,8.78,8.72,16.4,5.81,4.07,5.55,4.08,2.58
Onychogalea,fraenata,QM-JM11184,L,Male,Unknown,NA,Bridled nail-tail wallaby,6.85,4.53,10.09,10.44,8.72,8.27,16.59,6.08,3.99,5.77,4.2,2.64
Onychogalea,fraenata,QM-JM19915,L,NA,Unknown,NA,Bridled nail-tail wallaby,6.7,4.06,11.42,10.78,9.28,9.17,16.99,5.16,4.42,5.39,4.06,2.86
Onychogalea,fraenata,SAM-M24347,L,Male,4 molar/4 molar,Adult,Bridled nail-tail wallaby,7.41,4.68,10.7,10.53,8.81,8.59,16.5,5.77,4.31,5.93,4.35,2.63
Onychogalea,fraenata,AM-M37128,L,Male,"P3, M1, M2, M3, M4 erupting",Adult,Bridled nail-tail wallaby,6.55,3.8,10.71,10.45,8.61,8.67,16.52,6.53,4.66,5.35,3.21,2.7
Onychogalea,fraenata,AM-MS1201,R,NA,,NA,Bridled nail-tail wallaby,6.37,4.03,11.44,10.3,8.2,8.26,16.8,6.65,4.51,5.9,4.63,3.5
Onychogalea,fraenata,AM-M12663,L,NA,,NA,Bridled nail-tail wallaby,5.72,3.94,9.44,9.44,8.03,8.12,16.14,6.17,4.44,5.12,3.91,3.26
Onychogalea,fraenata,AM-M47392,L,NA,No cranium,NA,Bridled nail-tail wallaby,5.92,3.61,9.22,8.39,8,7.59,14.03,5.54,3.97,4.87,3.5,2.48
Onychogalea,fraenata,AM-M46830,L,NA,"P3, M1-M4",Adult,Bridled nail-tail wallaby,6.15,4.77,9.89,9.41,8.25,7.99,14.98,5.25,4.23,4.9,3.45,2.61
Onychogalea,fraenata,AM-M38918,R,Male,"P3, dp2, M1, M2, M3 erupting",Subadult,Bridled nail-tail wallaby,6.58,3.62,10.85,9.9,9.08,9.05,15.97,6.14,4.78,5.59,3.63,3.28
Onychogalea,fraenata,AM-M47718,L,NA,"P3, M1-M4",Adult,Bridled nail-tail wallaby,6.16,3.73,9.32,8.96,7.81,7.5,14.25,5.73,3.71,4.56,3.27,2.81
Onychogalea,fraenata,AM-M38913,L,NA,"P3, M1, M2, M3",Subadult,Bridled nail-tail wallaby,5.2,3.4,8.6,8.34,7.78,7.53,13.48,4.55,3.58,4.55,3.66,2.87
Onychogalea,unguifera,MAGNT-5329,L,Male,"dp2, dp3, M1,M2, M3 almost fully erupted",Subadult,Northern nail-tail wallaby,7.21,4.67,10.5,10.98,9.43,9.22,17.42,5.72,4.16,6.14,4.6,3.14
Onychogalea,unguifera,MAGNT-U6126,R,NA,"dp2, dp3, M1, M2 just erupting",Juvenile,Northern nail-tail wallaby,7.42,4.5,11.13,12.14,10.25,8.98,18.2,6.31,4.49,6.73,5.64,3.57
Onychogalea,unguifera,MAGNT-U6145,L,Male,"dp2, dp3, M1, M2, M3 just erupting",Subadult,Northern nail-tail wallaby,7.4,3.97,11.21,12.12,9.87,9.9,18.08,6.49,4.56,6.42,4.39,3.78
Onychogalea,unguifera,MAGNT-U6166,L,Female,"dp2, dp3, M1, M2 just erupting",Juvenile,Northern nail-tail wallaby,6.74,4.2,10.12,10.08,9.02,8.99,15.85,5.36,3.89,5.78,4.43,3.26
Onychogalea,unguifera,QM-JM20284,L,NA,Unknown,NA,Northern nail-tail wallaby,7.63,4.09,12.2,11.09,10.02,9.37,18.01,5.39,4.23,6.03,5.42,2.36
Onychogalea,unguifera,AM-M21593,R,Male,,NA,Northern nail-tail wallaby,7.35,4.89,11.41,11.72,10.42,9.19,18.11,6.13,5.26,6.34,4.82,3.34
Onychogalea,unguifera unguifera,WAM-M13969,L,NA,"P3, M1-M4",Adult,Northern nail-tail wallaby,7.76,4.44,12.16,12.15,10.04,9,18.96,4.97,4.54,6.46,5.09,3.59
Onychogalea,unguifera unguifera,WAM-M17142,R,Male,"dp2, M1, M2, M3, M4 starting to erupt",Adult,Northern nail-tail wallaby,7.47,4.83,12.08,10.52,9.65,9.01,18.29,5.37,4.37,6.24,4.95,3.17
Onychogalea,unguifera unguifera,WAM-M17145,L,Male,Need to check crania,NA,Northern nail-tail wallaby,7.58,4.71,11.79,13,9.81,9.92,18.27,4.82,4.4,6.17,5.97,3.15
Onychogalea,unguifera unguifera,WAM-M6942,R,Male,M1-M5?,Adult,Northern nail-tail wallaby,7.96,5.38,11.29,12.22,9.72,8.88,18.99,6.05,5.06,6.7,5.38,2.83
Osphranter,antilopinus,MAGNT-U0357,L,Female,"P3, M1, M2, M3, M4 starting to erupt",Adult,Antilopine wallaroo,13.52,6.73,24.79,24.37,18.14,17.2,32.9,10.82,7.77,10.26,10.92,6.78
Osphranter,antilopinus,MAGNT-U6142,R,Female,"M1-M4, no P3",Adult,Antilopine wallaroo,12.12,7.2,21.65,20.85,14.15,13.46,29.83,8.42,5.79,7.82,7.87,5.33
Osphranter,antilopinus,MAGNT-U6147,L,Male,"P3, M1-M4",Adult,Antilopine wallaroo,15.63,7.95,24.83,24.69,17.62,16.18,33.62,9.72,8.26,11.35,10.64,6.48
Osphranter,antilopinus,MAGNT-U6148,L,Male,"P3, M1-M4",Adult,Antilopine wallaroo,14.33,7.43,25.24,24.88,17.64,15.51,33.86,11.1,6.95,10.81,9.43,5.16
Osphranter,antilopinus,WAM-M15837,R,Male,Adult (per notes),Adult,Antilopine wallaroo,11.61,7.53,21.32,21.85,15.86,14.8,29.53,9.73,6.57,8.52,10.3,4.83
Osphranter,antilopinus,WAM-M15839,L,Female,no cranium,NA,Antilopine wallaroo,10.69,5.87,17.59,18.99,14.7,12.31,27.16,9.17,5.95,7.91,7.62,4.96
Osphranter,bernardus,MAGNT-U5770,L,Female,"P3, M1, M2, M3, M4 almost fully erupted",Adult,Black wallaroo,9.48,6.21,16.13,16.19,12.13,11.9,23.26,7.83,4.66,6.79,6.63,3.66
Osphranter,bernardus,MAGNT-U6141,R,Male,"M1-M4, no P3",Adult,Black wallaroo,9.56,8.26,19.65,20.09,13.57,12.67,28.02,9.1,5.42,8.72,8.29,4.97
Osphranter,bernardus,MAGNT-U6144,L,Male,"M1-M4, no P3",Adult,Black wallaroo,10.86,7.43,19.78,18.19,13.33,13.41,26.79,8.78,5.39,6.95,7.01,3.88
Osphranter,bernardus,MAGNT-U6153,L,Male,"dp2, dp3, M1, M2 just erupting",Juvenile,Black wallaroo,8.32,5.85,14.06,14.78,11.63,11.99,21.41,8.67,5.3,7.2,8.45,5.72
Osphranter,bernardus,MAGNT-U6168,L,Male,"dp2, dp3, M1, M2, M3 just erupting",Juvenile,Black wallaroo,9.26,5.48,16.79,16.36,12.61,12.76,23.61,9.42,6.02,7.83,8.03,4.03
Osphranter,robustus,QM-JM19715,R,Female,No cranium - unknown,NA,Common wallaroo,11.04,5.92,19.14,19.92,15.08,12.11,28.13,10.02,4.69,7.64,9.42,4.21
Osphranter,robustus erubescens,WAM-M12450,R,NA,"M1-M4, M1 almost pushed off",Adult,Common wallaroo,9.78,5.47,18.98,18.32,13.63,12.05,27.06,8.57,5.61,7.84,8.05,5.52
Osphranter,robustus erubescens,WAM-M14737,L,NA,"M1-M4, no P3",Adult,Common wallaroo,10.42,5.46,18.68,18.12,12.28,11.49,26.17,8.61,4.72,7.72,7.05,5.49
Osphranter,robustus erubescens,WAM-M14955,L,NA,"Unknown, no cranium",NA,Common wallaroo,12.6,7.73,22.11,21.44,15.97,15.51,29.97,9.45,6.01,10.28,8.94,5.28
Osphranter,robustus erubescens,WAM-M27283,L,NA,"Unknown, no cranium",NA,Common wallaroo,10.2,5.73,19.91,20.14,13.89,13.04,27.6,10.01,5.85,8.73,8.62,5.55
Osphranter,robustus erubescens,WAM-M34125,R,Female,"M1-M4, M1 almost pushed off",Adult,Common wallaroo,10.71,5.47,20.38,19.27,13.77,12.74,28.36,8.85,5.32,7.31,7.56,4.62
Osphranter,robustus erubescens,WAM-M49165,L,NA,"dP2, M1, M2, M3",Juvenile,Common wallaroo,10.84,5.07,19.06,18.71,15.02,13.53,27.66,10.11,6.06,8.9,8.32,6.29
Osphranter,robustus erubescens,WAM-M6790,R,Male,"dp2, M1, M2",Juvenile,Common wallaroo,9.67,4.59,16.53,16.31,12.89,11.52,24.93,8.54,5.45,7.49,8.99,5.71
Osphranter,robustus isabellinus,UQ268,L,NA,"only mandibles but all individuals have M4 erupted, P3 pushed off",Adult,Common wallaroo,10.3,6.43,17.56,17.15,13.54,11.41,26,9.06,4.64,8.35,7.77,3.51
Osphranter,robustus isabellinus,UQ280,L,NA,"M1-M4, no P3",Adult,Common wallaroo,10.37,6.19,17.03,17.09,13.92,12.42,26.34,8.26,4.43,7.52,8.12,3.86
Osphranter,robustus robustus,MAGNT-U0631,L,NA,"M1-M4, no P3",Adult,Common wallaroo,14.57,8.96,24.45,24.64,17.3,15.58,33.76,10.94,7.4,10.17,9.4,5.21
Osphranter,robustus robustus,QM-JM17217,L,NA,No cranium - unknown,NA,Common wallaroo,13.35,7.32,24.69,23.37,17,14.96,32.85,10.37,7.55,9,10.5,4.09
Osphranter,robustus robustus,SAM-M13977,L,Male,4 molars/4 molars,Adult,Common wallaroo,13.3,7.66,24.6,22.31,18.03,17.65,34.41,9.68,6.26,10.71,9.21,5.8
Osphranter,robustus robustus,SAM-M1846,L,NA,3.5 molars/3.5 molars,Adult,Common wallaroo,10.01,5.13,17.17,16.84,12.04,11.66,24.33,8.5,6.04,8.57,8.16,4.67
Osphranter,robustus robustus,SAM-M21417,L,NA,3.5 molars/3.5 molars,Adult,Common wallaroo,12.62,7.25,21.65,22.34,17.11,14.65,30.83,8.28,6.75,9.47,9.96,6.97
Osphranter,robustus robustus,SAM-M21418,L,NA,4 molars/4 molars,Adult,Common wallaroo,9.83,5.48,17.4,16.21,14.08,13.03,25.26,7.28,4.6,7.83,7.52,4.12
Osphranter,robustus robustus,SAM-M21419,L,NA,4 molars/4 molars,Adult,Common wallaroo,10.68,5.08,18.32,17.26,13.34,12.37,25.59,8.84,5.63,8.22,7.52,5.04
Osphranter,robustus robustus,SAM-M21420,R,Male,3.5 molars/3.5 molars,Adult,Common wallaroo,12.14,6.51,22.47,22.35,17.21,15.29,31.27,9.84,6.48,9.96,9.39,7.51
Osphranter,robustus woodwardi,WAM-M15848,L,NA,"M2-M4, M1 absent",Adult,Common wallaroo,13.24,8.33,24.33,24.42,16.29,15.53,31.49,10.07,7.2,9.23,10.79,5.77
Osphranter,rufus,MAGNT-U0259,L,Female,"dp2, dp3, M1, M2",Juvenile,Red kangaroo,10.36,5.44,18.89,20.38,14.47,13.15,26.86,9.71,6.68,8.26,9.63,4.86
Osphranter,rufus,QM-J22115,L,Male,No cranium - unknown,NA,Red kangaroo,13.73,7.15,26.14,25.06,17.66,14.86,35.07,11.6,6.02,9.51,11.67,6.94
Osphranter,rufus,QM-J5810,R,Female,No cranium - unknown,NA,Red kangaroo,12.31,6.37,22.15,21.94,15.34,13.57,30.32,10.34,5.51,7.98,8.64,4.76
Osphranter,rufus,SAM-M16336,L,Female,4 molars/4 molars,Adult,Red kangaroo,12.66,5.69,23.32,20.92,16.1,15.91,30.89,10.49,6.31,9.22,10.47,4.13
Osphranter,rufus,SAM-M16381,L,Female,4 molars/4 molars,Adult,Red kangaroo,12.77,7.14,22.53,23.88,17.24,15.63,32.29,10.43,6.77,9.92,11.1,5.5
Osphranter,rufus,SAM-M16382,L,Female,3.5 molars/3.5 molars,Adult,Red kangaroo,11.96,6.38,22.9,22.51,15.95,14.62,30.98,10.81,6.33,9.17,9.45,4.89
Osphranter,rufus,SAM-M16383,R,Male,3 molars/3 molars,Subadult,Red kangaroo,15.82,8.89,25.7,23.78,18.54,16.17,36.93,14.23,7.63,10.35,12.97,5.53
Osphranter,rufus,SAM-M27398,L,NA,3.5 molars/3.5 molars,Adult,Red kangaroo,15.18,8.57,24.92,24.64,18,17.24,35.07,12.67,7.26,10.69,11.5,6.3
Osphranter,rufus,SAM-M5523,R,NA,No cranium,NA,Red kangaroo,14.56,8.16,27.5,26.38,17.49,15.76,34.91,11.46,6.72,10.28,10.45,6.29
Osphranter,rufus,SAM-M6560,L,Male,4 molars/4 molars,Adult,Red kangaroo,12.08,6.93,24.22,22.66,16.47,15.36,29.88,11.1,6.49,8.78,10.22,4.18
Osphranter,rufus,SAM-M832,R,Female,3.5 molars/3.5 molars,Adult,Red kangaroo,10.66,5.5,21.21,19.62,15.54,13.39,28.55,9.77,6.45,8.37,8.16,5.34
Osphranter,rufus,UQ197,L,NA,"P3, Dp3, M1 (juvenile per notes)",Juvenile,Red kangaroo,9.67,4.17,17.05,15.49,16.84,14.71,27.7,10.43,6.37,10.47,9.71,5.84
Osphranter,rufus,WAM-M19099,L,Male,"dp2, dp3, M1, M2",Juvenile,Red kangaroo,13.59,6.51,24.19,26.11,18.78,16.44,34.37,11.5,7.57,11.9,12.36,5.17
Osphranter,rufus,WAM-M24007,R,NA,"dp2, dp3, M1, M2(emerging)",Juvenile,Red kangaroo,9.19,5.33,16.66,15.89,12.6,10.73,25.19,8.35,5.55,7.62,6.4,5.01
Osphranter,rufus,WAM-M4953,L,Male,"dp2, dp3, M1, M2, M3 erupting",Juvenile,Red kangaroo,12.55,5.73,22.63,21.86,17.1,13.72,30.31,11.44,6.29,9.64,10.27,5.45
Osphranter,rufus,WAM-M6749,R,NA,"M1-M4, no P3",Adult,Red kangaroo,15.42,6.94,27.94,26.95,18.1,14.58,34.35,11.64,6.96,9.79,10.6,4.26
Petrogale,brachyotis,MAGNT-U4120,L,NA,"P3, M1-M4",Adult,Short-eared rock-wallaby,5.14,2.97,7.78,7.72,6.49,6.65,12.52,5.17,2.9,4.09,3.49,2.59
Petrogale,brachyotis,WAM-M19540,R,NA,"P3, M1-M4",Adult,Short-eared rock-wallaby,6.44,4.54,10.19,9.17,8.12,7.4,16.1,5.93,3.72,4.48,4.55,3.54
Petrogale,brachyotis,AM-M10363,L,Male,"P3, M1-M4",Adult,Short-eared rock-wallaby,6.33,3.83,10.53,9.6,7.78,7.17,15.77,5.68,4.44,5.34,4.55,2.96
Petrogale,concinna monastria,WAM-M4168,L,Male,"M3-M5?, M6 erupting, no P3",Adult,Nabarlek,4.26,2.61,6.99,6.77,5.62,5.35,10.16,3.43,2.57,2.92,3.27,1.99
Petrogale,concinna monastria,WAM-M4171,L,Female,M3-M5?,Adult,Nabarlek,4.18,2.32,6.64,6.61,5.2,5.02,10.08,3.35,2.92,3.1,3.08,2.3
Petrogale,concinna monastria,WAM-M4540,L,NA,"M1-M3?, M4 erupting, no P3",Adult,Nabarlek,3.8,2.47,6.68,6.02,4.77,4.88,9.23,3.57,2.59,2.62,3.58,2.13
Petrogale,lateralis,MAGNT-U6146,L,Male,"P3, M1, M2, M3 erupting",Subadult,Black-flanked rock-wallaby,5.73,4.04,9.53,8.37,7.27,7.5,14.13,4.98,4.2,4.59,4.7,2.99
Petrogale,lateralis centralis spnov,SAM-M22377,L,NA,No cranium,NA,Black-flanked rock-wallaby,5.21,3.7,9.5,9.23,6.98,6.83,13.39,4.67,3.4,4.62,5.31,2.4
Petrogale,lateralis centralis spnov,SAM-M24183,L,Female,4 molars/4 molars,Adult,Black-flanked rock-wallaby,5.61,3.92,9.71,9.07,6.88,6.68,13.11,5.11,3.37,4.17,4.49,1.82
Petrogale,lateralis centralis spnov,SAM-M24407,L,NA,4 molars/4 molars,Adult,Black-flanked rock-wallaby,5.63,3.8,9.44,8.52,6.68,6.69,13.35,5.94,3.28,4.44,4.7,2.56
Petrogale,lateralis centralis spnov,SAM-M24408,L,NA,No cranium,NA,Black-flanked rock-wallaby,5.99,4.18,9.47,9.76,7.39,7.08,13.67,5.04,3.37,4.78,5.68,2.45
Petrogale,lateralis centralis spnov,SAM-M26245,L,Female,3 molars/3 molars,Subadult,Black-flanked rock-wallaby,4.61,3.25,8.22,7.79,6.62,6.73,12.05,4.62,3.04,4.13,3.92,1.87
Petrogale,lateralis centralis spnov,SAM-M26849,L,NA,4 molars/4 molars,Adult,Black-flanked rock-wallaby,5.11,3.6,9.16,8.43,6.76,6.77,13.07,4.9,3.3,4.18,4.68,1.97
Petrogale,lateralis centralis spnov,SAM-M26850,R,NA,4 molars/4 molars,Adult,Black-flanked rock-wallaby,4.63,3.41,8.55,8.37,7.25,6.8,12.77,5.07,3.33,4.61,4.33,2.47
Petrogale,lateralis centralis spnov,SAM-M26851,L,NA,3 molars/3 molars,Subadult,Black-flanked rock-wallaby,5.58,3.67,8.85,9.01,6.93,6.75,13.26,4.91,3.42,4.42,4.98,2.31
Petrogale,lateralis centralis spnov,SAM-M26981,L,NA,4 molars/4 molars,Adult,Black-flanked rock-wallaby,6.14,4.04,10.6,9.62,7.3,6.88,14.19,5.44,3.62,5.31,5.51,2.18
Petrogale,lateralis hacketti,WAM-M14797,L,NA,"M1-M4, no P3",Adult,Black-flanked rock-wallaby,6.4,3.96,9.74,9.46,7.21,7.11,14.79,5.65,3.71,4.56,5.43,2.64
Petrogale,lateralis hacketti,WAM-M19547,R,NA,"dp3, P3, M1, M2, M3 erupting",Subadult,Black-flanked rock-wallaby,6.02,4.27,9.9,9.73,7.48,7.28,14.83,6.49,4.17,4.76,6.36,2.91
Petrogale,lateralis kimberleyensis,WAM-M41561,R,NA,"Unknown, no cranium",NA,Black-flanked rock-wallaby,5,3.72,9.76,9.22,6.88,6.69,13.69,4.82,3.52,4.69,5.16,2.64
Petrogale,lateralis lateralis,SAM-M27400,L,NA,4 molars/4 molars,Adult,Black-flanked rock-wallaby,5.97,4.79,10.5,10.12,7.6,6.95,14.8,6.3,3.7,5.19,5.55,2.2
Petrogale,lateralis lateralis,WAM-M49175,L,NA,"dp2, dp3, M1, M2, M3 erupting",Juvenile,Black-flanked rock-wallaby,4.96,3.31,8.35,8.52,6.56,6.54,12.42,4.6,2.98,4.23,4.31,2.28
Petrogale,lateralis lateralis,WAM-M49182,L,NA,"Unknown, no cranium",NA,Black-flanked rock-wallaby,5.69,4.22,9.73,9.72,7.6,7.18,14.36,5.18,3.72,4.64,4.53,1.9
Petrogale,lateralis lateralis,WAM-M49183,L,NA,"P3, M1-M4",Adult,Black-flanked rock-wallaby,5.3,3.48,8.93,9.26,6.86,6.7,13.07,4.61,2.92,4.37,4.28,2.44
Petrogale,rothschildi,WAM-M3650,L,Male,"dp2, dp3, M1, M2",Juvenile,Rothschild's rock-wallaby,5.95,3.7,9.64,9.73,7.02,6.73,13.86,4.83,3.77,4.47,4.78,3.29
Petrogale,rothschildi,WAM-M3698,L,Male,"dp3, P3, M1, M2 almost fully erupted",Juvenile,Rothschild's rock-wallaby,5.36,3.82,9.11,8.9,7.38,6.73,13.68,5.48,3.46,4.31,3.96,3.13
Petrogale,rothschildi,WAM-M5105,L,NA,"Unknown, no cranium",NA,Rothschild's rock-wallaby,6.04,4.13,11.1,10.43,7.67,7.22,14.63,4.83,3.72,4.11,4.52,2.84
Petrogale,rothschildi,WAM-M5233,L,NA,"dp2, dp3, M1, M2, M3 erupting",Juvenile,Rothschild's rock-wallaby,5.48,3.75,10.14,8.89,7.3,6.94,13.76,4.77,3.67,4.57,4.84,2.32
Petrogale,rothschildi,WAM-M5471,L,Male,"P3, M1-M4",Adult,Rothschild's rock-wallaby,7.21,4.73,11.77,11.8,8.31,8.38,16.01,6.1,4.12,5.3,5.31,2.76
